"id","fqdn/ip","port","severity","finding","cve","cwe"
"service","1000jours.fabrique.social.gouv.fr/20.74.14.77","443","INFO","HTTP","",""
"pre_128cipher","1000jours.fabrique.social.gouv.fr/20.74.14.77","443","INFO","No 128 cipher limit bug","",""
"SSLv2","1000jours.fabrique.social.gouv.fr/20.74.14.77","443","OK","not offered","",""
"SSLv3","1000jours.fabrique.social.gouv.fr/20.74.14.77","443","OK","not offered","",""
"TLS1","1000jours.fabrique.social.gouv.fr/20.74.14.77","443","INFO","not offered","",""
"TLS1_1","1000jours.fabrique.social.gouv.fr/20.74.14.77","443","INFO","not offered","",""
"TLS1_2","1000jours.fabrique.social.gouv.fr/20.74.14.77","443","OK","offered","",""
"TLS1_3","1000jours.fabrique.social.gouv.fr/20.74.14.77","443","OK","offered with final","",""
"ALPN_HTTP2","1000jours.fabrique.social.gouv.fr/20.74.14.77","443","OK","h2","",""
"ALPN","1000jours.fabrique.social.gouv.fr/20.74.14.77","443","INFO","http/1.1","",""
"cipherlist_NULL","1000jours.fabrique.social.gouv.fr/20.74.14.77","443","OK","not offered","","CWE-327"
"cipherlist_aNULL","1000jours.fabrique.social.gouv.fr/20.74.14.77","443","OK","not offered","","CWE-327"
"cipherlist_EXPORT","1000jours.fabrique.social.gouv.fr/20.74.14.77","443","OK","not offered","","CWE-327"
"cipherlist_LOW","1000jours.fabrique.social.gouv.fr/20.74.14.77","443","OK","not offered","","CWE-327"
"cipherlist_3DES_IDEA","1000jours.fabrique.social.gouv.fr/20.74.14.77","443","INFO","not offered","","CWE-310"
"cipherlist_AVERAGE","1000jours.fabrique.social.gouv.fr/20.74.14.77","443","INFO","not offered","","CWE-310"
"cipherlist_GOOD","1000jours.fabrique.social.gouv.fr/20.74.14.77","443","INFO","not offered","",""
"cipherlist_STRONG","1000jours.fabrique.social.gouv.fr/20.74.14.77","443","OK","offered","",""
"cipherorder_TLSv1_2","1000jours.fabrique.social.gouv.fr/20.74.14.77","443","INFO","ECDHE-RSA-AES128-GCM-SHA256","",""
"cipher_order","1000jours.fabrique.social.gouv.fr/20.74.14.77","443","OK","server","",""
"protocol_negotiated","1000jours.fabrique.social.gouv.fr/20.74.14.77","443","OK","Default protocol TLS1.3","",""
"cipher_negotiated","1000jours.fabrique.social.gouv.fr/20.74.14.77","443","OK","TLS_AES_256_GCM_SHA384, 253 bit ECDH (X25519)","",""
"FS","1000jours.fabrique.social.gouv.fr/20.74.14.77","443","OK","offered","",""
"FS_ciphers","1000jours.fabrique.social.gouv.fr/20.74.14.77","443","INFO","ECDHE-RSA-AES128-GCM-SHA256 ECDHE-RSA-AES256-GCM-SHA384","",""
"FS_ECDHE_curves","1000jours.fabrique.social.gouv.fr/20.74.14.77","443","OK","prime256v1 secp384r1 secp521r1","",""
"TLS_extensions","1000jours.fabrique.social.gouv.fr/20.74.14.77","443","INFO","'renegotiation info/#65281' 'server name/#0' 'EC point formats/#11' 'next protocol/#13172' 'supported versions/#43' 'key share/#51' 'supported_groups/#10' 'max fragment length/#1' 'application layer protocol negotiation/#16' 'extended master secret/#23'","",""
"TLS_session_ticket","1000jours.fabrique.social.gouv.fr/20.74.14.77","443","INFO","no -- no lifetime advertised","",""
"SSL_sessionID_support","1000jours.fabrique.social.gouv.fr/20.74.14.77","443","INFO","yes","",""
"sessionresumption_ticket","1000jours.fabrique.social.gouv.fr/20.74.14.77","443","INFO","not supported","",""
"sessionresumption_ID","1000jours.fabrique.social.gouv.fr/20.74.14.77","443","INFO","not supported","",""
"TLS_timestamp","1000jours.fabrique.social.gouv.fr/20.74.14.77","443","INFO","random","",""
"certificate_compression","1000jours.fabrique.social.gouv.fr/20.74.14.77","443","INFO","none","",""
"clientAuth","1000jours.fabrique.social.gouv.fr/20.74.14.77","443","INFO","none","",""
"cert_numbers","1000jours.fabrique.social.gouv.fr/20.74.14.77","443","INFO","1","",""
"cert_signatureAlgorithm","1000jours.fabrique.social.gouv.fr/20.74.14.77","443","OK","SHA256 with RSA","",""
"cert_keySize","1000jours.fabrique.social.gouv.fr/20.74.14.77","443","INFO","RSA 2048 bits (exponent is 65537)","",""
"cert_keyUsage","1000jours.fabrique.social.gouv.fr/20.74.14.77","443","INFO","Digital Signature, Key Encipherment","",""
"cert_extKeyUsage","1000jours.fabrique.social.gouv.fr/20.74.14.77","443","INFO","TLS Web Server Authentication, TLS Web Client Authentication","",""
"cert_serialNumber","1000jours.fabrique.social.gouv.fr/20.74.14.77","443","INFO","04406BAE38F280597857B3541B096DA94F1A","",""
"cert_serialNumberLen","1000jours.fabrique.social.gouv.fr/20.74.14.77","443","INFO","18","",""
"cert_fingerprintSHA1","1000jours.fabrique.social.gouv.fr/20.74.14.77","443","INFO","52F383D32B935ABFFD793C7689459E9F962759A2","",""
"cert_fingerprintSHA256","1000jours.fabrique.social.gouv.fr/20.74.14.77","443","INFO","46FF71FBA08910CFC0E670D821F3F9E20BC657F9E38C722789D769F42D4FEFCC","",""
"cert","1000jours.fabrique.social.gouv.fr/20.74.14.77","443","INFO","-----BEGIN CERTIFICATE----- MIIFRzCCBC+gAwIBAgISBEBrrjjygFl4V7NUGwltqU8aMA0GCSqGSIb3DQEBCwUA MDIxCzAJBgNVBAYTAlVTMRYwFAYDVQQKEw1MZXQncyBFbmNyeXB0MQswCQYDVQQD EwJSMzAeFw0yMjA1MDYxMzU2MjZaFw0yMjA4MDQxMzU2MjVaMCwxKjAoBgNVBAMT ITEwMDBqb3Vycy5mYWJyaXF1ZS5zb2NpYWwuZ291di5mcjCCASIwDQYJKoZIhvcN AQEBBQADggEPADCCAQoCggEBAK8iY5L04EX1EydZ6koKreA9YZtsJ5/ToNc0EBqR /mAoMNlFL80HNEppf7c99J/jyDJAA7zXfHT/gAEEKZj0zwAynOICn7vo+KTit6EV laB7OVjO4o9+ZXp/HX/fOC3xtTkP6BNn9fdPDIyGVBZ1EeC/ViiV2CbQWdAmwRu+ wGxHF7Bdvd0R53cAnNcG3q0P2SxdRsbHLniDM4ND/P0bArzNx2rd/LV7rvzAzUTN +RQuv982NKWCErTnHbCkCsGhijGP3sSsN+QkAIlkHoAmSq263iEPtne7wZuCL5Fm zojVO4e66TvFYqqfoZF9t7pZvPHGglKY+P7Ajjbe9RbbsJMCAwEAAaOCAlswggJX MA4GA1UdDwEB/wQEAwIFoDAdBgNVHSUEFjAUBggrBgEFBQcDAQYIKwYBBQUHAwIw DAYDVR0TAQH/BAIwADAdBgNVHQ4EFgQUJx6MQXLn6ot8kxVyhwGsA1bbI/4wHwYD VR0jBBgwFoAUFC6zF7dYVsuuUAlA5h+vnYsUwsYwVQYIKwYBBQUHAQEESTBHMCEG CCsGAQUFBzABhhVodHRwOi8vcjMuby5sZW5jci5vcmcwIgYIKwYBBQUHMAKGFmh0 dHA6Ly9yMy5pLmxlbmNyLm9yZy8wLAYDVR0RBCUwI4IhMTAwMGpvdXJzLmZhYnJp cXVlLnNvY2lhbC5nb3V2LmZyMEwGA1UdIARFMEMwCAYGZ4EMAQIBMDcGCysGAQQB gt8TAQEBMCgwJgYIKwYBBQUHAgEWGmh0dHA6Ly9jcHMubGV0c2VuY3J5cHQub3Jn MIIBAwYKKwYBBAHWeQIEAgSB9ASB8QDvAHUAKXm+8J45OSHwVnOfY6V35b5XfZxg Cvj5TV0mXCVdx4QAAAGAmd9BeAAABAMARjBEAiA2gNBhPEvWj7aqvoDuVK4Qpbfg nQLdgOK2BcynfhqxjwIgI8k9WhkXSAZbEuRXTXc3MJNiztLAJ493nEuZfr0v37gA dgBvU3asMfAxGdiZAKRRFf93FRwR2QLBACkGjbIImjfZEwAAAYCZ30GyAAAEAwBH MEUCIB8AmCTMlNC7panMp40B4BDdiutQLYXnV6nyvcZScPusAiEA3Q9ND4oUj356 TJhjeNF/7/GzDIeQc81kjQ5C8DCDz3owDQYJKoZIhvcNAQELBQADggEBAFWIPlM9 4Oa9FeLRe2tr+4KDN38QzpNf5e50nRY0IuEZuDuRW7RVaPtlrEWFcsLMOdBhiy3y OkkyoYmfgMmwArPEtWWg6/en5Xng1Rx2x/kJPHsCEdyRVRwEKrLPTfTxsqNDwaaV Ot3MIxJkjd/kBd0c62Bx9r+wMk/3SB0YLHXl0i2yVthnTzEpQGpVaXw06nV3w6Ik 2EC5ZsAA9+P8b+bqhl7APG4EZciAx3uxVLjq7rjIUA+k2AtWVffwOa53Yxf+Yvgd K3YvyMtHNeGkJYvGPhpxFm0tp1RkyD9wIvZx4bn9bBf3PXLRr5yCr3goDVTAo+N7 LFS4SrXV1TsdNVQ= -----END CERTIFICATE-----","",""
"cert_commonName","1000jours.fabrique.social.gouv.fr/20.74.14.77","443","OK","1000jours.fabrique.social.gouv.fr","",""
"cert_commonName_wo_SNI","1000jours.fabrique.social.gouv.fr/20.74.14.77","443","INFO","Kubernetes Ingress Controller Fake Certificate","",""
"cert_subjectAltName","1000jours.fabrique.social.gouv.fr/20.74.14.77","443","INFO","1000jours.fabrique.social.gouv.fr","",""
"cert_trust","1000jours.fabrique.social.gouv.fr/20.74.14.77","443","OK","Ok via SAN and CN (SNI mandatory)","",""
"cert_chain_of_trust","1000jours.fabrique.social.gouv.fr/20.74.14.77","443","OK","passed.","",""
"cert_certificatePolicies_EV","1000jours.fabrique.social.gouv.fr/20.74.14.77","443","INFO","no","",""
"cert_expirationStatus","1000jours.fabrique.social.gouv.fr/20.74.14.77","443","OK","81 >= 30 days","",""
"cert_notBefore","1000jours.fabrique.social.gouv.fr/20.74.14.77","443","INFO","2022-05-06 13:56","",""
"cert_notAfter","1000jours.fabrique.social.gouv.fr/20.74.14.77","443","OK","2022-08-04 13:56","",""
"cert_extlifeSpan","1000jours.fabrique.social.gouv.fr/20.74.14.77","443","OK","certificate has no extended life time according to browser forum","",""
"cert_eTLS","1000jours.fabrique.social.gouv.fr/20.74.14.77","443","INFO","not present","",""
"cert_crlDistributionPoints","1000jours.fabrique.social.gouv.fr/20.74.14.77","443","INFO","--","",""
"cert_ocspURL","1000jours.fabrique.social.gouv.fr/20.74.14.77","443","INFO","http://r3.o.lencr.org","",""
"OCSP_stapling","1000jours.fabrique.social.gouv.fr/20.74.14.77","443","LOW","not offered","",""
"cert_mustStapleExtension","1000jours.fabrique.social.gouv.fr/20.74.14.77","443","INFO","--","",""
"DNS_CAArecord","1000jours.fabrique.social.gouv.fr/20.74.14.77","443","LOW","--","",""
"certificate_transparency","1000jours.fabrique.social.gouv.fr/20.74.14.77","443","OK","yes (certificate extension)","",""
"certs_countServer","1000jours.fabrique.social.gouv.fr/20.74.14.77","443","INFO","3","",""
"certs_list_ordering_problem","1000jours.fabrique.social.gouv.fr/20.74.14.77","443","INFO","no","",""
"cert_caIssuers","1000jours.fabrique.social.gouv.fr/20.74.14.77","443","INFO","R3 (Let's Encrypt from US)","",""
"intermediate_cert <#1>","1000jours.fabrique.social.gouv.fr/20.74.14.77","443","INFO","-----BEGIN CERTIFICATE----- MIIFFjCCAv6gAwIBAgIRAJErCErPDBinU/bWLiWnX1owDQYJKoZIhvcNAQELBQAw TzELMAkGA1UEBhMCVVMxKTAnBgNVBAoTIEludGVybmV0IFNlY3VyaXR5IFJlc2Vh cmNoIEdyb3VwMRUwEwYDVQQDEwxJU1JHIFJvb3QgWDEwHhcNMjAwOTA0MDAwMDAw WhcNMjUwOTE1MTYwMDAwWjAyMQswCQYDVQQGEwJVUzEWMBQGA1UEChMNTGV0J3Mg RW5jcnlwdDELMAkGA1UEAxMCUjMwggEiMA0GCSqGSIb3DQEBAQUAA4IBDwAwggEK AoIBAQC7AhUozPaglNMPEuyNVZLD+ILxmaZ6QoinXSaqtSu5xUyxr45r+XXIo9cP R5QUVTVXjJ6oojkZ9YI8QqlObvU7wy7bjcCwXPNZOOftz2nwWgsbvsCUJCWH+jdx sxPnHKzhm+/b5DtFUkWWqcFTzjTIUu61ru2P3mBw4qVUq7ZtDpelQDRrK9O8Zutm NHz6a4uPVymZ+DAXXbpyb/uBxa3Shlg9F8fnCbvxK/eG3MHacV3URuPMrSXBiLxg Z3Vms/EY96Jc5lP/Ooi2R6X/ExjqmAl3P51T+c8B5fWmcBcUr2Ok/5mzk53cU6cG /kiFHaFpriV1uxPMUgP17VGhi9sVAgMBAAGjggEIMIIBBDAOBgNVHQ8BAf8EBAMC AYYwHQYDVR0lBBYwFAYIKwYBBQUHAwIGCCsGAQUFBwMBMBIGA1UdEwEB/wQIMAYB Af8CAQAwHQYDVR0OBBYEFBQusxe3WFbLrlAJQOYfr52LFMLGMB8GA1UdIwQYMBaA FHm0WeZ7tuXkAXOACIjIGlj26ZtuMDIGCCsGAQUFBwEBBCYwJDAiBggrBgEFBQcw AoYWaHR0cDovL3gxLmkubGVuY3Iub3JnLzAnBgNVHR8EIDAeMBygGqAYhhZodHRw Oi8veDEuYy5sZW5jci5vcmcvMCIGA1UdIAQbMBkwCAYGZ4EMAQIBMA0GCysGAQQB gt8TAQEBMA0GCSqGSIb3DQEBCwUAA4ICAQCFyk5HPqP3hUSFvNVneLKYY611TR6W PTNlclQtgaDqw+34IL9fzLdwALduO/ZelN7kIJ+m74uyA+eitRY8kc607TkC53wl ikfmZW4/RvTZ8M6UK+5UzhK8jCdLuMGYL6KvzXGRSgi3yLgjewQtCPkIVz6D2QQz CkcheAmCJ8MqyJu5zlzyZMjAvnnAT45tRAxekrsu94sQ4egdRCnbWSDtY7kh+BIm lJNXoB1lBMEKIq4QDUOXoRgffuDghje1WrG9ML+Hbisq/yFOGwXD9RiX8F6sw6W4 avAuvDszue5L3sz85K+EC4Y/wFVDNvZo4TYXao6Z0f+lQKc0t8DQYzk1OXVu8rp2 yJMC6alLbBfODALZvYH7n7do1AZls4I9d1P4jnkDrQoxB3UqQ9hVl3LEKQ73xF1O yK5GhDDX8oVfGKF5u+decIsH4YaTw7mP3GFxJSqv3+0lUFJoi5Lc5da149p90Ids hCExroL1+7mryIkXPeFM5TgO9r0rvZaBFOvV2z0gp35Z0+L4WPlbuEjN/lxPFin+ HlUjr8gRsI3qfJOQFy/9rKIJR0Y/8Omwt/8oTWgy1mdeHmmjk7j1nYsvC9JSQ6Zv MldlTTKB3zhThV1+XWYp6rjd5JW1zbVWEkLNxE7GJThEUG3szgBVGP7pSWTUTsqX nLRbwHOoq7hHwg== -----END CERTIFICATE-----","",""
"intermediate_cert_fingerprintSHA256 <#1>","1000jours.fabrique.social.gouv.fr/20.74.14.77","443","INFO","67ADD1166B020AE61B8F5FC96813C04C2AA589960796865572A3C7E737613DFD","",""
"intermediate_cert_notBefore <#1>","1000jours.fabrique.social.gouv.fr/20.74.14.77","443","INFO","2020-09-04 00:00","",""
"intermediate_cert_notAfter <#1>","1000jours.fabrique.social.gouv.fr/20.74.14.77","443","OK","2025-09-15 16:00","",""
"intermediate_cert_expiration <#1>","1000jours.fabrique.social.gouv.fr/20.74.14.77","443","OK","ok > 40 days","",""
"intermediate_cert_chain <#1>","1000jours.fabrique.social.gouv.fr/20.74.14.77","443","INFO","R3 <-- ISRG Root X1","",""
"intermediate_cert <#2>","1000jours.fabrique.social.gouv.fr/20.74.14.77","443","INFO","-----BEGIN CERTIFICATE----- MIIFYDCCBEigAwIBAgIQQAF3ITfU6UK47naqPGQKtzANBgkqhkiG9w0BAQsFADA/ MSQwIgYDVQQKExtEaWdpdGFsIFNpZ25hdHVyZSBUcnVzdCBDby4xFzAVBgNVBAMT DkRTVCBSb290IENBIFgzMB4XDTIxMDEyMDE5MTQwM1oXDTI0MDkzMDE4MTQwM1ow TzELMAkGA1UEBhMCVVMxKTAnBgNVBAoTIEludGVybmV0IFNlY3VyaXR5IFJlc2Vh cmNoIEdyb3VwMRUwEwYDVQQDEwxJU1JHIFJvb3QgWDEwggIiMA0GCSqGSIb3DQEB AQUAA4ICDwAwggIKAoICAQCt6CRz9BQ385ueK1coHIe+3LffOJCMbjzmV6B493XC ov71am72AE8o295ohmxEk7axY/0UEmu/H9LqMZshftEzPLpI9d1537O4/xLxIZpL wYqGcWlKZmZsj348cL+tKSIG8+TA5oCu4kuPt5l+lAOf00eXfJlII1PoOK5PCm+D LtFJV4yAdLbaL9A4jXsDcCEbdfIwPPqPrt3aY6vrFk/CjhFLfs8L6P+1dy70sntK 4EwSJQxwjQMpoOFTJOwT2e4ZvxCzSow/iaNhUd6shweU9GNx7C7ib1uYgeGJXDR5 bHbvO5BieebbpJovJsXQEOEO3tkQjhb7t/eo98flAgeYjzYIlefiN5YNNnWe+w5y sR2bvAP5SQXYgd0FtCrWQemsAXaVCg/Y39W9Eh81LygXbNKYwagJZHduRze6zqxZ Xmidf3LWicUGQSk+WT7dJvUkyRGnWqNMQB9GoZm1pzpRboY7nn1ypxIFeFntPlF4 FQsDj43QLwWyPntKHEtzBRL8xurgUBN8Q5N0s8p0544fAQjQMNRbcTa0B7rBMDBc SLeCO5imfWCKoqMpgsy6vYMEG6KDA0Gh1gXxG8K28Kh8hjtGqEgqiNx2mna/H2ql PRmP6zjzZN7IKw0KKP/32+IVQtQi0Cdd4Xn+GOdwiK1O5tmLOsbdJ1Fu/7xk9TND TwIDAQABo4IBRjCCAUIwDwYDVR0TAQH/BAUwAwEB/zAOBgNVHQ8BAf8EBAMCAQYw SwYIKwYBBQUHAQEEPzA9MDsGCCsGAQUFBzAChi9odHRwOi8vYXBwcy5pZGVudHJ1 c3QuY29tL3Jvb3RzL2RzdHJvb3RjYXgzLnA3YzAfBgNVHSMEGDAWgBTEp7Gkeyxx +tvhS5B1/8QVYIWJEDBUBgNVHSAETTBLMAgGBmeBDAECATA/BgsrBgEEAYLfEwEB ATAwMC4GCCsGAQUFBwIBFiJodHRwOi8vY3BzLnJvb3QteDEubGV0c2VuY3J5cHQu b3JnMDwGA1UdHwQ1MDMwMaAvoC2GK2h0dHA6Ly9jcmwuaWRlbnRydXN0LmNvbS9E U1RST09UQ0FYM0NSTC5jcmwwHQYDVR0OBBYEFHm0WeZ7tuXkAXOACIjIGlj26Ztu MA0GCSqGSIb3DQEBCwUAA4IBAQAKcwBslm7/DlLQrt2M51oGrS+o44+/yQoDFVDC 5WxCu2+b9LRPwkSICHXM6webFGJueN7sJ7o5XPWioW5WlHAQU7G75K/QosMrAdSW 9MUgNTP52GE24HGNtLi1qoJFlcDyqSMo59ahy2cI2qBDLKobkx/J3vWraV0T9VuG WCLKTVXkcGdtwlfFRjlBz4pYg1htmf5X6DYO8A4jqv2Il9DjXA6USbW1FzXSLr9O he8Y4IWS6wY7bCkjCWDcRQJMEhg76fsO3txE+FiYruq9RUWhiF1myv4Q6W+CyBFC Dfvp7OOGAN6dEOM4+qR9sdjoSYKEBpsr6GtPAQw4dy753ec5 -----END CERTIFICATE-----","",""
"intermediate_cert_fingerprintSHA256 <#2>","1000jours.fabrique.social.gouv.fr/20.74.14.77","443","INFO","6D99FB265EB1C5B3744765FCBC648F3CD8E1BFFAFDC4C2F99B9D47CF7FF1C24F","",""
"intermediate_cert_notBefore <#2>","1000jours.fabrique.social.gouv.fr/20.74.14.77","443","INFO","2021-01-20 19:14","",""
"intermediate_cert_notAfter <#2>","1000jours.fabrique.social.gouv.fr/20.74.14.77","443","OK","2024-09-30 18:14","",""
"intermediate_cert_expiration <#2>","1000jours.fabrique.social.gouv.fr/20.74.14.77","443","OK","ok > 40 days","",""
"intermediate_cert_chain <#2>","1000jours.fabrique.social.gouv.fr/20.74.14.77","443","INFO","ISRG Root X1 <-- DST Root CA X3","",""
"intermediate_cert_badOCSP","1000jours.fabrique.social.gouv.fr/20.74.14.77","443","OK","intermediate certificate(s) is/are ok","",""
"HTTP_status_code","1000jours.fabrique.social.gouv.fr/20.74.14.77","443","INFO","200 OK ('/')","",""
"HTTP_clock_skew","1000jours.fabrique.social.gouv.fr/20.74.14.77","443","INFO","-1 seconds from localtime","",""
"HTTP_headerTime","1000jours.fabrique.social.gouv.fr/20.74.14.77","443","INFO","1652583138","",""
"HSTS_time","1000jours.fabrique.social.gouv.fr/20.74.14.77","443","OK","182 days (=15724800 seconds) > 15552000 seconds","",""
"HSTS_subdomains","1000jours.fabrique.social.gouv.fr/20.74.14.77","443","OK","includes subdomains","",""
"HSTS_preload","1000jours.fabrique.social.gouv.fr/20.74.14.77","443","INFO","domain is NOT marked for preloading","",""
"HPKP","1000jours.fabrique.social.gouv.fr/20.74.14.77","443","INFO","No support for HTTP Public Key Pinning","",""
"banner_server","1000jours.fabrique.social.gouv.fr/20.74.14.77","443","INFO","No Server banner line in header, interesting!","",""
"banner_application","1000jours.fabrique.social.gouv.fr/20.74.14.77","443","INFO","No application banner found","",""
"cookie_count","1000jours.fabrique.social.gouv.fr/20.74.14.77","443","INFO","0 at '/'","",""
"X-Frame-Options","1000jours.fabrique.social.gouv.fr/20.74.14.77","443","OK","deny","",""
"X-Content-Type-Options","1000jours.fabrique.social.gouv.fr/20.74.14.77","443","OK","nosniff","",""
"X-XSS-Protection","1000jours.fabrique.social.gouv.fr/20.74.14.77","443","INFO","1; mode=block","",""
"banner_reverseproxy","1000jours.fabrique.social.gouv.fr/20.74.14.77","443","INFO","--","","CWE-200"
"heartbleed","1000jours.fabrique.social.gouv.fr/20.74.14.77","443","OK","not vulnerable, no heartbeat extension","CVE-2014-0160","CWE-119"
"CCS","1000jours.fabrique.social.gouv.fr/20.74.14.77","443","OK","not vulnerable","CVE-2014-0224","CWE-310"
"ticketbleed","1000jours.fabrique.social.gouv.fr/20.74.14.77","443","OK","no session ticket extension","CVE-2016-9244","CWE-200"
"ROBOT","1000jours.fabrique.social.gouv.fr/20.74.14.77","443","OK","not vulnerable, no RSA key transport cipher","CVE-2017-17382 CVE-2017-17427 CVE-2017-17428 CVE-2017-13098 CVE-2017-1000385 CVE-2017-13099 CVE-2016-6883 CVE-2012-5081 CVE-2017-6168","CWE-203"
"secure_renego","1000jours.fabrique.social.gouv.fr/20.74.14.77","443","OK","supported","","CWE-310"
"secure_client_renego","1000jours.fabrique.social.gouv.fr/20.74.14.77","443","OK","not vulnerable","CVE-2011-1473","CWE-310"
"CRIME_TLS","1000jours.fabrique.social.gouv.fr/20.74.14.77","443","OK","not vulnerable","CVE-2012-4929","CWE-310"
"BREACH","1000jours.fabrique.social.gouv.fr/20.74.14.77","443","MEDIUM","potentially VULNERABLE, gzip HTTP compression detected  - only supplied '/' tested","CVE-2013-3587","CWE-310"
"POODLE_SSL","1000jours.fabrique.social.gouv.fr/20.74.14.77","443","OK","not vulnerable, no SSLv3","CVE-2014-3566","CWE-310"
"fallback_SCSV","1000jours.fabrique.social.gouv.fr/20.74.14.77","443","OK","no protocol below TLS 1.2 offered","",""
"SWEET32","1000jours.fabrique.social.gouv.fr/20.74.14.77","443","OK","not vulnerable","CVE-2016-2183 CVE-2016-6329","CWE-327"
"FREAK","1000jours.fabrique.social.gouv.fr/20.74.14.77","443","OK","not vulnerable","CVE-2015-0204","CWE-310"
"DROWN","1000jours.fabrique.social.gouv.fr/20.74.14.77","443","OK","not vulnerable on this host and port","CVE-2016-0800 CVE-2016-0703","CWE-310"
"DROWN_hint","1000jours.fabrique.social.gouv.fr/20.74.14.77","443","INFO","Make sure you don't use this certificate elsewhere with SSLv2 enabled services, see https://search.censys.io/search?resource=hosts&virtual_hosts=INCLUDE&q=46FF71FBA08910CFC0E670D821F3F9E20BC657F9E38C722789D769F42D4FEFCC","CVE-2016-0800 CVE-2016-0703","CWE-310"
"LOGJAM","1000jours.fabrique.social.gouv.fr/20.74.14.77","443","OK","not vulnerable, no DH EXPORT ciphers,","CVE-2015-4000","CWE-310"
"LOGJAM-common_primes","1000jours.fabrique.social.gouv.fr/20.74.14.77","443","OK","no DH key with <= TLS 1.2","CVE-2015-4000","CWE-310"
"BEAST","1000jours.fabrique.social.gouv.fr/20.74.14.77","443","OK","not vulnerable, no SSL3 or TLS1","CVE-2011-3389","CWE-20"
"LUCKY13","1000jours.fabrique.social.gouv.fr/20.74.14.77","443","OK","not vulnerable","CVE-2013-0169","CWE-310"
"winshock","1000jours.fabrique.social.gouv.fr/20.74.14.77","443","OK","not vulnerable","CVE-2014-6321","CWE-94"
"RC4","1000jours.fabrique.social.gouv.fr/20.74.14.77","443","OK","not vulnerable","CVE-2013-2566 CVE-2015-2808","CWE-310"
"clientsimulation-android_442","1000jours.fabrique.social.gouv.fr/20.74.14.77","443","INFO","TLSv1.2 ECDHE-RSA-AES128-GCM-SHA256","",""
"clientsimulation-android_500","1000jours.fabrique.social.gouv.fr/20.74.14.77","443","INFO","TLSv1.2 ECDHE-RSA-AES128-GCM-SHA256","",""
"clientsimulation-android_60","1000jours.fabrique.social.gouv.fr/20.74.14.77","443","INFO","TLSv1.2 ECDHE-RSA-AES128-GCM-SHA256","",""
"clientsimulation-android_70","1000jours.fabrique.social.gouv.fr/20.74.14.77","443","INFO","TLSv1.2 ECDHE-RSA-AES128-GCM-SHA256","",""
"clientsimulation-android_81","1000jours.fabrique.social.gouv.fr/20.74.14.77","443","INFO","TLSv1.2 ECDHE-RSA-AES128-GCM-SHA256","",""
"clientsimulation-android_90","1000jours.fabrique.social.gouv.fr/20.74.14.77","443","INFO","TLSv1.3 TLS_AES_256_GCM_SHA384","",""
"clientsimulation-android_X","1000jours.fabrique.social.gouv.fr/20.74.14.77","443","INFO","TLSv1.3 TLS_AES_256_GCM_SHA384","",""
"clientsimulation-chrome_74_win10","1000jours.fabrique.social.gouv.fr/20.74.14.77","443","INFO","TLSv1.3 TLS_AES_256_GCM_SHA384","",""
"clientsimulation-chrome_79_win10","1000jours.fabrique.social.gouv.fr/20.74.14.77","443","INFO","TLSv1.3 TLS_AES_256_GCM_SHA384","",""
"clientsimulation-firefox_66_win81","1000jours.fabrique.social.gouv.fr/20.74.14.77","443","INFO","TLSv1.3 TLS_AES_256_GCM_SHA384","",""
"clientsimulation-firefox_71_win10","1000jours.fabrique.social.gouv.fr/20.74.14.77","443","INFO","TLSv1.3 TLS_AES_256_GCM_SHA384","",""
"clientsimulation-ie_6_xp","1000jours.fabrique.social.gouv.fr/20.74.14.77","443","INFO","No connection","",""
"clientsimulation-ie_8_win7","1000jours.fabrique.social.gouv.fr/20.74.14.77","443","INFO","No connection","",""
"clientsimulation-ie_8_xp","1000jours.fabrique.social.gouv.fr/20.74.14.77","443","INFO","No connection","",""
"clientsimulation-ie_11_win7","1000jours.fabrique.social.gouv.fr/20.74.14.77","443","INFO","No connection","",""
"clientsimulation-ie_11_win81","1000jours.fabrique.social.gouv.fr/20.74.14.77","443","INFO","No connection","",""
"clientsimulation-ie_11_winphone81","1000jours.fabrique.social.gouv.fr/20.74.14.77","443","INFO","No connection","",""
"clientsimulation-ie_11_win10","1000jours.fabrique.social.gouv.fr/20.74.14.77","443","INFO","TLSv1.2 ECDHE-RSA-AES128-GCM-SHA256","",""
"clientsimulation-edge_15_win10","1000jours.fabrique.social.gouv.fr/20.74.14.77","443","INFO","TLSv1.2 ECDHE-RSA-AES128-GCM-SHA256","",""
"clientsimulation-edge_17_win10","1000jours.fabrique.social.gouv.fr/20.74.14.77","443","INFO","TLSv1.2 ECDHE-RSA-AES128-GCM-SHA256","",""
"clientsimulation-opera_66_win10","1000jours.fabrique.social.gouv.fr/20.74.14.77","443","INFO","TLSv1.3 TLS_AES_256_GCM_SHA384","",""
"clientsimulation-safari_9_ios9","1000jours.fabrique.social.gouv.fr/20.74.14.77","443","INFO","TLSv1.2 ECDHE-RSA-AES128-GCM-SHA256","",""
"clientsimulation-safari_9_osx1011","1000jours.fabrique.social.gouv.fr/20.74.14.77","443","INFO","TLSv1.2 ECDHE-RSA-AES128-GCM-SHA256","",""
"clientsimulation-safari_10_osx1012","1000jours.fabrique.social.gouv.fr/20.74.14.77","443","INFO","TLSv1.2 ECDHE-RSA-AES128-GCM-SHA256","",""
"clientsimulation-safari_121_ios_122","1000jours.fabrique.social.gouv.fr/20.74.14.77","443","INFO","TLSv1.3 TLS_AES_256_GCM_SHA384","",""
"clientsimulation-safari_130_osx_10146","1000jours.fabrique.social.gouv.fr/20.74.14.77","443","INFO","TLSv1.3 TLS_AES_256_GCM_SHA384","",""
"clientsimulation-apple_ats_9_ios9","1000jours.fabrique.social.gouv.fr/20.74.14.77","443","INFO","TLSv1.2 ECDHE-RSA-AES128-GCM-SHA256","",""
"clientsimulation-java_6u45","1000jours.fabrique.social.gouv.fr/20.74.14.77","443","INFO","No connection","",""
"clientsimulation-java_7u25","1000jours.fabrique.social.gouv.fr/20.74.14.77","443","INFO","No connection","",""
"clientsimulation-java_8u161","1000jours.fabrique.social.gouv.fr/20.74.14.77","443","INFO","TLSv1.2 ECDHE-RSA-AES128-GCM-SHA256","",""
"clientsimulation-java1102","1000jours.fabrique.social.gouv.fr/20.74.14.77","443","INFO","TLSv1.3 TLS_AES_256_GCM_SHA384","",""
"clientsimulation-java1201","1000jours.fabrique.social.gouv.fr/20.74.14.77","443","INFO","TLSv1.3 TLS_AES_256_GCM_SHA384","",""
"clientsimulation-openssl_102e","1000jours.fabrique.social.gouv.fr/20.74.14.77","443","INFO","TLSv1.2 ECDHE-RSA-AES128-GCM-SHA256","",""
"clientsimulation-openssl_110l","1000jours.fabrique.social.gouv.fr/20.74.14.77","443","INFO","TLSv1.2 ECDHE-RSA-AES128-GCM-SHA256","",""
"clientsimulation-openssl_111d","1000jours.fabrique.social.gouv.fr/20.74.14.77","443","INFO","TLSv1.3 TLS_AES_256_GCM_SHA384","",""
"clientsimulation-thunderbird_68_3_1","1000jours.fabrique.social.gouv.fr/20.74.14.77","443","INFO","TLSv1.3 TLS_AES_256_GCM_SHA384","",""
"rating_spec","1000jours.fabrique.social.gouv.fr/20.74.14.77","443","INFO","SSL Labs's 'SSL Server Rating Guide' (version 2009q from 2020-01-30)","",""
"rating_doc","1000jours.fabrique.social.gouv.fr/20.74.14.77","443","INFO","https://github.com/ssllabs/research/wiki/SSL-Server-Rating-Guide","",""
"protocol_support_score","1000jours.fabrique.social.gouv.fr/20.74.14.77","443","INFO","100","",""
"protocol_support_score_weighted","1000jours.fabrique.social.gouv.fr/20.74.14.77","443","INFO","30","",""
"key_exchange_score","1000jours.fabrique.social.gouv.fr/20.74.14.77","443","INFO","90","",""
"key_exchange_score_weighted","1000jours.fabrique.social.gouv.fr/20.74.14.77","443","INFO","27","",""
"cipher_strength_score","1000jours.fabrique.social.gouv.fr/20.74.14.77","443","INFO","60","",""
"cipher_strength_score_weighted","1000jours.fabrique.social.gouv.fr/20.74.14.77","443","INFO","24","",""
"final_score","1000jours.fabrique.social.gouv.fr/20.74.14.77","443","INFO","81","",""
"overall_grade","1000jours.fabrique.social.gouv.fr/20.74.14.77","443","OK","A+","",""
